episode,high_tile,steps
0,64,98
1,256,267
2,128,191
3,256,263
4,256,174
5,64,127
6,128,196
7,64,111
8,128,135
9,256,200
10,256,323
11,256,249
12,256,360
13,256,285
14,256,251
15,256,347
16,256,236
17,256,257
18,128,150
19,128,150
20,64,127
21,256,230
22,256,265
23,128,150
24,512,361
25,256,246
26,256,255
27,256,267
28,128,164
29,256,344
30,512,399
31,128,159
32,256,240
33,256,227
34,256,248
35,256,220
36,128,228
37,256,256
38,128,231
39,128,192
40,256,230
41,128,154
42,128,230
43,256,243
44,256,188
45,256,307
46,128,157
47,512,391
48,256,212
49,256,216
50,128,208
51,128,227
52,64,186
53,256,288
54,256,281
55,64,110
56,256,365
57,128,244
58,256,226
59,128,187
60,256,307
61,256,215
62,256,274
63,512,375
64,512,328
65,256,261
66,256,300
67,256,339
68,64,95
69,256,261
70,512,382
71,256,271
72,256,360
73,256,236
74,256,266
75,256,281
76,256,299
77,32,71
78,256,225
79,512,343
80,128,219
81,128,158
82,64,165
83,256,281
84,128,206
85,256,270
86,512,468
87,128,142
88,256,302
89,256,312
90,256,265
91,128,152
92,256,296
93,256,261
94,128,156
95,512,412
96,256,347
97,256,274
98,512,401
99,128,214
100,128,137
101,256,332
102,128,154
103,256,249
104,256,283
105,512,461
106,256,301
107,256,322
108,128,165
109,512,349
110,256,270
111,256,227
112,256,349
113,256,305
114,512,414
115,256,395
116,512,457
117,512,426
118,256,262
119,256,305
120,64,85
121,128,202
122,128,206
123,256,409
124,256,281
125,64,136
126,128,122
127,256,251
128,512,506
129,256,313
130,256,288
131,128,145
132,256,416
133,256,271
134,256,363
135,512,532
136,512,412
137,512,474
138,256,242
139,256,337
140,256,416
141,256,347
142,256,269
143,512,301
144,128,127
145,128,203
146,256,318
147,256,304
148,256,337
149,256,232
150,256,358
151,512,525
152,256,320
153,256,262
154,512,479
155,512,394
156,512,450
157,256,276
158,256,316
159,512,338
160,256,342
161,256,288
162,256,365
163,256,319
164,512,548
165,512,394
166,512,494
167,256,298
168,256,186
169,256,328
170,256,279
171,512,595
172,256,301
173,512,505
174,512,408
175,512,460
176,512,468
177,512,362
178,512,471
179,256,280
180,512,505
181,512,567
182,1024,728
183,256,320
184,256,204
185,256,322
186,128,183
187,256,255
188,512,567
189,512,455
190,512,408
191,512,455
192,512,506
193,512,372
194,256,329
195,128,201
196,128,229
197,256,303
198,512,459
199,256,272
200,256,221
201,256,359
202,512,418
203,512,458
204,256,309
205,256,215
206,512,396
207,128,199
208,256,295
209,256,217
210,256,308
211,256,310
212,512,450
213,512,440
214,256,282
215,128,187
216,512,369
217,256,311
218,512,464
219,512,386
220,512,420
221,512,382
222,512,483
223,512,384
224,512,415
225,512,550
226,256,361
227,512,489
228,512,376
229,128,236
230,128,174
231,256,201
232,512,502
233,512,374
234,512,569
235,64,108
236,256,279
237,512,384
238,64,129
239,512,551
240,512,526
241,1024,696
242,256,293
243,256,295
244,256,402
245,512,413
246,256,218
247,512,383
248,512,481
249,256,258
250,512,430
251,256,272
252,512,390
253,512,611
254,128,226
255,256,294
256,256,218
257,256,305
258,256,307
259,512,433
260,256,266
261,128,279
262,256,351
263,256,270
264,256,265
265,512,533
266,64,138
267,512,478
268,512,578
269,256,315
270,512,609
271,1024,721
272,512,653
273,512,359
274,512,531
275,256,308
276,256,217
277,256,321
278,512,466
279,512,411
280,512,505
281,256,349
282,256,285
283,512,397
284,256,311
285,256,319
286,512,511
287,512,431
288,256,264
289,512,523
290,128,159
291,256,441
292,512,434
293,256,236
294,512,476
295,512,536
296,512,713
297,512,532
298,1024,1005
299,1024,795
300,512,472
301,256,472
302,512,411
303,512,513
304,512,535
305,1024,649
306,1024,813
307,512,498
308,256,289
309,1024,783
310,512,524
311,512,367
312,256,242
313,512,479
314,512,541
315,1024,849
316,256,312
317,256,300
318,128,105
319,256,366
320,512,479
321,512,496
322,256,216
323,256,309
324,512,646
325,1024,666
326,512,566
327,512,479
328,512,617
329,256,287
330,512,578
331,512,584
332,512,666
333,512,538
334,256,357
335,512,467
336,1024,651
337,512,554
338,512,400
339,512,553
340,1024,963
341,1024,955
342,512,448
343,512,566
344,512,461
345,512,414
346,512,582
347,512,659
348,512,455
349,512,579
350,512,458
351,256,337
352,256,286
353,512,629
354,512,467
355,512,460
356,512,598
357,512,314
358,512,556
359,512,523
360,1024,729
361,512,419
362,512,389
363,1024,738
364,512,426
365,1024,628
366,512,566
367,256,357
368,1024,987
369,256,234
370,1024,873
371,256,264
372,1024,756
373,512,506
374,256,280
375,128,116
376,256,293
377,512,418
378,256,335
379,1024,826
380,512,551
381,1024,927
382,512,441
383,512,536
384,1024,857
385,1024,571
386,256,305
387,512,480
388,256,381
389,512,492
390,256,250
391,512,459
392,512,464
393,512,433
394,512,537
395,256,271
396,256,238
397,256,288
398,1024,743
399,256,342
400,512,428
401,512,407
402,128,164
403,512,456
404,256,334
405,256,250
406,1024,651
407,128,131
408,128,181
409,256,260
410,128,148
411,128,223
412,512,473
413,512,484
414,256,338
415,256,298
416,256,188
417,1024,875
418,256,208
419,512,636
420,512,496
421,1024,710
422,512,402
423,256,242
424,512,460
425,256,263
426,512,646
427,64,133
428,512,475
429,512,499
430,512,564
431,256,257
432,256,298
433,512,617
434,128,238
435,128,191
436,256,267
437,512,414
438,512,388
439,512,518
440,512,523
441,512,577
442,512,526
443,128,193
444,512,645
445,256,373
446,512,350
447,1024,646
448,256,311
449,256,261
450,512,598
451,128,214
452,512,385
453,512,416
454,512,524
455,512,433
456,128,151
457,512,490
458,1024,787
459,256,252
460,1024,795
461,512,484
462,512,619
463,256,250
464,256,343
465,512,438
466,512,647
467,256,305
468,256,243
469,1024,672
470,512,679
471,256,360
472,512,507
473,256,267
474,512,502
475,512,474
476,256,276
477,256,261
478,256,307
479,512,493
480,256,249
481,512,570
482,512,505
483,512,612
484,1024,679
485,512,500
486,512,355
487,256,362
488,512,482
489,512,472
490,512,412
491,512,500
492,256,371
493,256,373
494,256,284
495,512,493
496,512,481
497,512,606
498,512,417
499,256,222
500,256,307
501,128,211
502,512,373
503,512,567
504,1024,819
505,256,328
506,512,515
507,256,306
508,256,306
509,512,405
510,512,582
511,512,377
512,512,454
513,256,285
514,128,201
515,512,421
516,256,343
517,128,170
518,512,494
519,256,305
520,512,385
521,256,369
522,128,121
523,256,297
524,128,237
525,256,284
526,512,457
527,128,223
528,256,251
529,256,281
530,512,378
531,256,387
532,128,167
533,128,150
534,256,315
535,512,483
536,256,251
537,128,178
538,512,366
539,512,437
540,256,406
541,512,469
542,256,248
543,512,494
544,64,153
545,256,342
546,1024,980
547,32,84
548,128,148
549,256,319
550,256,352
551,128,167
552,512,440
553,128,202
554,128,171
555,512,400
556,128,216
557,128,208
558,128,194
559,256,361
560,256,299
561,512,401
562,256,290
563,256,310
564,512,397
565,128,221
566,256,266
567,256,318
568,256,268
569,128,187
570,128,182
571,512,591
572,256,356
573,128,184
574,256,388
575,128,209
576,256,218
577,128,142
578,512,433
579,256,408
580,256,288
581,512,437
582,512,562
583,256,316
584,128,198
585,256,239
586,512,525
587,256,318
588,128,241
589,256,208
590,256,308
591,512,379
592,256,322
593,128,135
594,128,151
595,512,420
596,512,418
597,512,390
598,256,203
599,256,215
600,256,249
601,128,152
602,256,263
603,512,550
604,256,300
605,512,561
606,128,122
607,512,419
608,512,461
609,256,275
610,512,557
611,256,336
612,128,173
613,512,362
614,256,413
615,512,561
616,256,293
617,256,244
618,256,310
619,512,572
620,256,274
621,128,181
622,128,252
623,64,129
624,256,329
625,256,209
626,512,461
627,512,460
628,128,181
629,512,513
630,256,283
631,256,250
632,512,331
633,256,343
634,256,283
635,256,334
636,128,208
637,512,381
638,64,125
639,256,258
640,256,210
641,256,216
642,512,412
643,512,405
644,256,342
645,512,394
646,512,374
647,512,386
648,512,452
649,512,476
650,128,166
651,128,149
652,512,586
653,512,444
654,256,293
655,512,551
656,512,392
657,256,284
658,64,121
659,256,329
660,512,506
661,512,520
662,256,363
663,512,442
664,256,271
665,256,382
666,256,270
667,512,583
668,256,321
669,256,355
670,256,246
671,256,391
672,64,104
673,512,441
674,256,281
675,512,393
676,512,480
677,256,202
678,256,270
679,512,429
680,512,494
681,512,399
682,512,498
683,256,211
684,256,302
685,256,259
686,256,256
687,512,519
688,256,338
689,256,305
690,256,309
691,256,283
692,128,182
693,128,207
694,128,172
695,128,158
696,128,157
697,256,406
698,128,202
699,512,403
700,512,611
701,256,460
702,256,293
703,256,260
704,256,292
705,32,71
706,512,556
707,256,237
708,128,166
709,512,582
710,512,465
711,256,321
712,256,246
713,512,402
714,512,451
715,512,597
716,128,176
717,512,369
718,512,556
719,256,277
720,1024,620
721,512,367
722,256,363
723,256,234
724,128,147
725,256,305
726,256,248
727,512,327
728,512,527
729,512,551
730,1024,630
731,512,522
732,512,360
733,256,243
734,256,215
735,1024,558
736,1024,827
737,256,207
738,256,294
739,256,317
740,1024,958
741,512,342
742,512,589
743,512,435
744,512,477
745,512,561
746,256,329
747,512,480
748,512,522
749,1024,788
750,128,179
751,512,528
752,512,477
753,512,441
754,256,267
755,512,559
756,256,275
757,512,564
758,64,130
759,256,371
760,512,549
761,512,568
762,512,481
763,512,556
764,512,394
765,512,539
766,512,564
767,256,285
768,512,483
769,512,465
770,256,346
771,256,300
772,256,292
773,256,293
774,512,342
775,512,627
776,512,512
777,256,280
778,128,120
779,256,245
780,1024,573
781,512,347
782,1024,717
783,128,153
784,256,259
785,512,484
786,512,526
787,512,541
788,512,468
789,256,295
790,1024,586
791,256,229
792,256,273
793,256,237
794,512,419
795,512,686
796,1024,917
797,512,561
798,512,445
799,512,349
800,256,398
801,256,400
802,512,537
803,512,444
804,256,243
805,512,624
806,256,279
807,512,428
808,512,448
809,512,554
810,512,387
811,512,374
812,512,648
813,128,188
814,128,156
815,128,159
816,256,288
817,256,286
818,256,329
819,512,499
820,256,217
821,256,252
822,256,319
823,512,532
824,512,478
825,256,281
826,1024,960
827,1024,749
828,256,351
829,256,400
830,512,354
831,256,290
832,512,587
833,512,572
834,128,143
835,512,457
836,256,232
837,256,220
838,1024,615
839,512,455
840,1024,945
841,512,489
842,256,286
843,512,456
844,512,497
845,256,263
846,256,221
847,1024,655
848,512,468
849,128,184
850,256,380
851,512,321
852,512,331
853,512,557
854,256,374
855,512,417
856,256,257
857,1024,646
858,512,422
859,512,415
860,512,567
861,128,226
862,512,512
863,512,381
864,512,433
865,512,497
866,256,343
867,512,448
868,128,269
869,1024,639
870,512,443
871,256,328
872,1024,908
873,256,280
874,256,345
875,256,249
876,256,222
877,512,473
878,128,254
879,256,280
880,256,310
881,512,413
882,128,150
883,512,441
884,512,435
885,256,241
886,512,465
887,256,358
888,1024,722
889,512,411
890,1024,768
891,512,517
892,1024,673
893,512,449
894,1024,783
895,512,509
896,512,477
897,512,558
898,256,280
899,1024,837
900,512,408
901,128,174
902,512,438
903,512,554
904,256,293
905,256,337
906,128,247
907,256,302
908,512,366
909,128,168
910,512,472
911,512,468
912,256,212
913,512,419
914,256,315
915,256,209
916,128,190
917,512,280
918,1024,613
919,256,206
920,128,158
921,64,122
922,512,390
923,128,183
924,256,274
925,512,511
926,128,193
927,256,224
928,256,356
929,64,114
930,256,232
931,128,236
932,128,151
933,128,161
934,64,116
935,1024,567
936,512,456
937,512,493
938,256,204
939,256,297
940,512,390
941,512,449
942,256,274
943,512,482
944,512,432
945,64,115
946,256,304
947,256,256
948,32,81
949,1024,627
950,128,164
951,256,250
952,256,280
953,32,62
954,128,164
955,128,139
956,128,151
957,256,223
958,512,402
959,64,111
960,256,251
961,128,196
962,256,223
963,512,577
964,128,210
965,128,172
966,128,168
967,32,76
968,512,444
969,128,157
970,256,287
971,256,275
972,256,219
973,64,144
974,256,285
975,512,585
976,256,289
977,256,287
978,128,212
979,512,321
980,32,73
981,128,188
982,32,72
983,512,461
984,64,102
985,128,149
986,512,352
987,512,658
988,32,88
989,256,275
990,256,215
991,256,270
992,32,58
993,256,217
994,256,267
995,128,225
996,1024,757
997,512,519
998,256,289
999,256,247
1000,256,241
1001,512,393
1002,512,317
1003,512,456
1004,256,189
1005,256,242
1006,128,157
1007,256,355
1008,1024,588
1009,512,407
1010,128,243
1011,128,167
1012,512,467
1013,256,275
1014,256,346
1015,256,325
1016,128,137
1017,256,361
1018,512,441
1019,128,121
1020,256,259
1021,512,449
1022,256,262
1023,128,208
1024,512,490
1025,256,228
1026,128,140
1027,512,463
1028,128,120
1029,128,230
1030,512,468
1031,256,280
1032,128,185
1033,256,323
1034,512,550
1035,512,476
1036,256,378
1037,512,370
1038,512,518
1039,256,366
1040,512,444
1041,512,393
1042,256,228
1043,512,397
1044,128,222
1045,256,234
1046,512,375
1047,256,295
1048,512,513
1049,256,320
1050,512,520
1051,1024,655
1052,1024,619
1053,512,410
1054,256,222
1055,128,189
1056,512,468
1057,512,470
1058,512,495
1059,256,321
1060,256,259
1061,512,358
1062,256,251
1063,512,403
1064,512,378
1065,256,270
1066,1024,843
1067,256,292
1068,256,332
1069,1024,987
1070,256,242
1071,256,243
1072,512,400
1073,512,478
1074,1024,748
1075,256,404
1076,256,333
1077,512,545
1078,512,399
1079,128,233
1080,256,259
1081,512,661
1082,512,514
1083,512,674
1084,512,443
1085,1024,874
1086,128,168
1087,512,607
1088,512,475
1089,512,499
1090,256,367
1091,256,327
1092,64,108
1093,256,325
1094,1024,597
1095,512,502
1096,512,507
1097,1024,1018
1098,1024,830
1099,2048,1277
1100,512,415
1101,512,526
1102,512,507
1103,512,504
1104,1024,844
1105,256,300
1106,512,391
1107,512,433
1108,512,579
1109,512,430
1110,512,503
1111,512,553
1112,256,295
1113,256,306
1114,128,177
1115,512,465
1116,512,461
1117,512,507
1118,64,80
1119,512,760
1120,256,366
1121,512,536
1122,512,611
1123,512,537
1124,256,282
1125,256,315
1126,512,505
1127,256,293
1128,512,367
1129,1024,923
1130,512,564
1131,256,340
1132,512,434
1133,1024,748
1134,512,478
1135,256,261
1136,1024,669
1137,512,480
1138,1024,885
1139,1024,845
1140,512,428
1141,1024,835
1142,128,139
1143,512,353
1144,256,311
1145,512,350
1146,1024,965
1147,512,387
1148,128,121
1149,256,281
1150,128,169
1151,256,275
1152,512,426
1153,256,267
1154,256,266
1155,256,357
1156,128,143
1157,512,475
1158,512,346
1159,128,166
1160,256,227
1161,512,374
1162,256,260
1163,64,128
1164,512,449
1165,128,205
1166,128,175
1167,256,293
1168,256,252
1169,128,190
1170,512,553
1171,128,190
1172,256,290
1173,512,381
1174,256,287
1175,256,261
1176,256,254
1177,512,391
1178,512,454
1179,128,193
1180,128,162
1181,512,420
1182,512,710
1183,256,378
1184,256,252
1185,512,390
1186,512,524
1187,128,191
1188,512,540
1189,1024,960
1190,512,376
1191,512,417
1192,512,664
1193,256,261
1194,256,259
1195,512,441
1196,256,276
1197,256,313
1198,256,380
1199,256,375
1200,512,555
1201,512,532
1202,512,664
1203,512,510
1204,256,365
1205,128,165
1206,256,303
1207,512,457
1208,128,124
1209,64,126
1210,512,610
1211,512,524
1212,256,252
1213,256,344
1214,512,423
1215,256,214
1216,512,442
1217,512,448
1218,256,345
1219,512,610
1220,128,147
1221,256,255
1222,512,403
1223,256,322
1224,256,209
1225,128,158
1226,256,211
1227,128,132
1228,256,294
1229,512,488
1230,256,232
1231,128,149
1232,256,285
1233,256,257
1234,256,289
1235,512,330
1236,256,234
1237,512,516
1238,256,321
1239,256,323
1240,256,230
1241,256,232
1242,512,494
1243,512,533
1244,64,99
1245,128,242
1246,512,360
1247,256,292
1248,64,153
1249,256,302
1250,256,246
1251,512,496
1252,512,591
1253,256,251
1254,256,264
1255,256,236
1256,256,193
1257,512,464
1258,128,152
1259,256,352
1260,512,378
1261,512,556
1262,128,160
1263,512,425
1264,512,466
1265,128,122
1266,1024,677
1267,128,204
1268,256,336
1269,256,340
1270,128,226
1271,512,398
1272,256,325
1273,1024,752
1274,256,363
1275,512,552
1276,512,486
1277,128,156
1278,256,323
1279,512,555
1280,512,409
1281,512,377
1282,512,417
1283,256,292
1284,512,505
1285,512,336
1286,256,347
1287,512,458
1288,256,243
1289,512,424
1290,256,332
1291,512,556
1292,256,277
1293,256,456
1294,128,162
1295,256,363
1296,256,306
1297,1024,668
1298,256,272
1299,512,423
1300,256,287
1301,256,338
1302,512,464
1303,256,280
1304,256,287
1305,256,403
1306,256,228
1307,256,201
1308,256,259
1309,256,236
1310,256,233
1311,256,227
1312,256,256
1313,256,403
1314,1024,953
1315,512,497
1316,512,501
1317,128,174
1318,256,239
1319,512,570
1320,512,478
1321,512,665
1322,256,285
1323,512,504
1324,1024,650
1325,512,441
1326,512,546
1327,512,420
1328,256,284
1329,256,359
1330,256,267
1331,512,454
1332,256,330
1333,1024,646
1334,512,467
1335,256,411
1336,256,251
1337,1024,951
1338,512,391
1339,256,274
1340,256,327
1341,512,421
1342,512,442
1343,128,150
1344,256,296
1345,512,544
1346,1024,800
1347,512,385
1348,256,235
1349,512,510
1350,512,422
1351,256,304
1352,512,563
1353,256,369
1354,256,212
1355,512,506
1356,256,215
1357,1024,755
1358,1024,644
1359,512,499
1360,512,548
1361,512,464
1362,1024,802
1363,256,298
1364,512,412
1365,1024,710
1366,512,336
1367,1024,877
1368,512,531
1369,512,382
1370,512,460
1371,512,478
1372,512,486
1373,512,404
1374,1024,671
1375,512,426
1376,1024,833
1377,128,147
1378,512,563
1379,512,530
1380,512,491
1381,256,361
1382,128,194
1383,512,439
1384,512,483
1385,256,318
1386,1024,738
1387,1024,663
1388,512,507
1389,512,527
1390,512,478
1391,1024,710
1392,256,287
1393,512,403
1394,64,114
1395,512,314
1396,512,462
1397,256,364
1398,256,294
1399,512,652
1400,512,570
1401,512,359
1402,1024,843
1403,512,379
1404,512,486
1405,512,631
1406,1024,885
1407,1024,798
1408,256,283
1409,512,384
1410,512,460
1411,512,566
1412,1024,876
1413,256,290
1414,512,676
1415,1024,609
1416,512,530
1417,256,322
1418,1024,889
1419,512,580
1420,1024,733
1421,512,465
1422,512,457
1423,512,546
1424,256,316
1425,512,512
1426,512,433
1427,512,655
1428,512,587
1429,128,186
1430,1024,989
1431,256,300
1432,1024,732
1433,256,236
1434,512,642
1435,1024,767
1436,1024,815
1437,128,192
1438,1024,627
1439,512,710
1440,64,108
1441,512,491
1442,512,547
1443,512,631
1444,512,661
1445,256,322
1446,512,543
1447,1024,674
1448,1024,996
1449,512,375
1450,512,599
1451,1024,1087
1452,1024,700
1453,512,454
1454,256,300
1455,512,620
1456,256,321
1457,256,196
1458,256,206
1459,1024,630
1460,512,546
1461,1024,771
1462,1024,716
1463,256,275
1464,1024,760
1465,512,576
1466,512,343
1467,512,567
1468,256,353
1469,512,454
1470,512,565
1471,256,268
1472,256,209
1473,256,246
1474,512,488
1475,1024,941
1476,512,428
1477,2048,1389
1478,512,550
1479,512,491
1480,512,497
1481,512,507
1482,512,523
1483,512,367
1484,256,280
1485,512,475
1486,512,518
1487,512,589
1488,128,140
1489,1024,1108
1490,512,387
1491,512,560
1492,512,540
1493,512,591
1494,1024,687
1495,512,578
1496,256,359
1497,512,531
1498,128,148
1499,256,324
1500,512,576
1501,512,492
1502,128,147
1503,512,443
1504,512,432
1505,512,411
1506,512,293
1507,512,400
1508,256,399
1509,512,557
1510,512,422
1511,512,566
1512,512,537
1513,256,249
1514,256,306
1515,512,505
1516,1024,946
1517,256,262
1518,256,355
1519,1024,600
1520,128,191
1521,512,469
1522,512,380
1523,128,182
1524,512,605
1525,512,489
1526,32,75
1527,512,406
1528,512,431
1529,256,263
1530,1024,608
1531,512,545
1532,512,313
1533,512,558
1534,512,535
1535,1024,712
1536,256,254
1537,256,272
1538,256,270
1539,128,191
1540,512,446
1541,256,263
1542,512,398
1543,128,178
1544,1024,791
1545,128,144
1546,128,117
1547,256,308
1548,256,305
1549,512,463
1550,512,409
1551,512,497
1552,512,483
1553,512,527
1554,512,514
1555,256,228
1556,256,255
1557,1024,651
1558,128,167
1559,512,451
1560,512,483
1561,256,324
1562,512,535
1563,512,414
1564,256,313
1565,1024,744
1566,512,568
1567,1024,744
1568,128,115
1569,512,518
1570,512,496
1571,256,269
1572,512,414
1573,256,183
1574,512,405
1575,256,229
1576,512,393
1577,256,248
1578,256,207
1579,512,412
1580,512,471
1581,256,236
1582,512,462
1583,512,508
1584,512,561
1585,256,325
1586,512,419
1587,512,587
1588,512,431
1589,256,231
1590,512,643
1591,512,462
1592,256,388
1593,512,511
1594,512,500
1595,512,435
1596,512,643
1597,256,265
1598,256,373
1599,256,289
1600,512,352
1601,128,159
1602,256,288
1603,512,468
1604,512,561
1605,256,303
1606,256,210
1607,64,103
1608,512,652
1609,256,304
1610,512,564
1611,512,452
1612,256,318
1613,256,292
1614,256,213
1615,512,515
1616,256,270
1617,512,455
1618,128,154
1619,512,447
1620,128,206
1621,256,329
1622,512,394
1623,64,126
1624,256,269
1625,1024,702
1626,512,464
1627,256,360
1628,128,190
1629,512,380
1630,512,526
1631,128,114
1632,256,219
1633,1024,640
1634,256,261
1635,128,195
1636,512,364
1637,256,266
1638,512,425
1639,256,329
1640,512,416
1641,256,281
1642,512,513
1643,256,291
1644,1024,673
1645,256,239
1646,512,395
1647,512,381
1648,64,96
1649,1024,990
1650,1024,630
1651,256,289
1652,256,253
1653,256,318
1654,128,162
1655,512,464
1656,128,153
1657,512,349
1658,256,188
1659,512,439
1660,128,152
1661,256,248
1662,64,143
1663,512,403
1664,256,337
1665,256,352
1666,256,208
1667,256,286
1668,256,357
1669,256,241
1670,128,170
1671,256,406
1672,256,292
1673,256,253
1674,128,174
1675,256,364
1676,128,148
1677,128,251
1678,256,252
1679,256,334
1680,256,389
1681,128,220
1682,128,222
1683,256,261
1684,256,265
1685,256,302
1686,512,519
1687,128,165
1688,128,157
1689,512,441
1690,256,335
1691,64,124
1692,512,386
1693,128,208
1694,128,179
1695,256,325
1696,512,506
1697,128,161
1698,512,437
1699,512,441
1700,512,422
1701,256,217
1702,256,260
1703,256,267
1704,256,188
1705,256,251
1706,128,166
1707,256,269
1708,256,262
1709,512,380
1710,128,160
1711,256,291
1712,512,566
1713,512,378
1714,32,77
1715,256,375
1716,128,149
1717,512,384
1718,256,212
1719,512,425
1720,512,417
1721,256,207
1722,1024,756
1723,256,306
1724,256,398
1725,256,349
1726,256,270
1727,512,446
1728,512,335
1729,256,270
1730,256,348
1731,256,255
1732,512,491
1733,512,541
1734,64,110
1735,256,252
1736,512,470
1737,256,209
1738,256,276
1739,256,326
1740,128,180
1741,256,330
1742,512,426
1743,512,417
1744,128,244
1745,64,121
1746,256,255
1747,256,337
1748,256,446
1749,256,176
1750,256,309
1751,256,279
1752,256,343
1753,256,437
1754,256,206
1755,128,172
1756,256,289
1757,256,288
1758,512,503
1759,128,142
1760,128,198
1761,256,363
1762,256,327
1763,1024,718
1764,128,171
1765,128,200
1766,128,246
1767,128,185
1768,256,295
1769,512,419
1770,256,256
1771,256,237
1772,256,359
1773,256,282
1774,128,186
1775,256,268
1776,256,269
1777,256,311
1778,128,139
1779,64,153
1780,256,286
1781,512,409
1782,128,192
1783,128,227
1784,512,471
1785,256,285
1786,128,162
1787,128,223
1788,256,373
1789,256,299
1790,256,386
1791,256,312
1792,512,455
1793,256,243
1794,128,151
1795,512,484
1796,256,234
1797,256,277
1798,256,269
1799,128,174
1800,1024,772
1801,256,315
1802,256,303
1803,64,118
1804,512,494
1805,1024,671
1806,512,367
1807,512,503
1808,512,425
1809,256,282
1810,256,249
1811,256,344
1812,64,158
1813,256,287
1814,256,286
1815,512,487
1816,256,290
1817,1024,683
1818,512,482
1819,128,183
1820,512,566
1821,256,353
1822,64,122
1823,512,624
1824,512,564
1825,256,404
1826,256,200
1827,256,273
1828,256,403
1829,256,342
1830,128,163
1831,512,458
1832,512,574
1833,512,558
1834,1024,549
1835,256,257
1836,512,662
1837,512,425
1838,64,97
1839,256,208
1840,256,392
1841,512,435
1842,512,491
1843,512,496
1844,64,119
1845,512,511
1846,256,324
1847,1024,695
1848,512,426
1849,256,330
1850,256,316
1851,128,191
1852,1024,643
1853,512,431
1854,256,367
1855,1024,770
1856,128,149
1857,256,229
1858,128,171
1859,256,232
1860,512,482
1861,1024,931
1862,256,297
1863,256,329
1864,256,405
1865,512,467
1866,512,453
1867,512,545
1868,512,502
1869,512,436
1870,1024,745
1871,256,303
1872,256,301
1873,512,501
1874,64,139
1875,256,265
1876,256,214
1877,64,115
1878,1024,641
1879,512,460
1880,512,415
1881,256,237
1882,1024,583
1883,512,400
1884,128,166
1885,128,172
1886,256,301
1887,1024,738
1888,512,361
1889,512,618
1890,128,158
1891,128,217
1892,512,339
1893,256,346
1894,256,203
1895,128,144
1896,512,518
1897,512,425
1898,256,285
1899,128,168
1900,256,263
1901,256,211
1902,512,427
1903,512,461
1904,512,588
1905,256,340
1906,64,91
1907,256,313
1908,256,261
1909,256,302
1910,256,295
1911,128,222
1912,128,164
1913,512,386
1914,1024,663
1915,512,525
1916,256,278
1917,256,302
1918,512,437
1919,512,448
1920,512,438
1921,512,445
1922,128,115
1923,256,245
1924,256,286
1925,256,365
1926,512,420
1927,256,303
1928,256,318
1929,512,570
1930,32,65
1931,512,399
1932,256,246
1933,512,427
1934,256,314
1935,256,309
1936,256,272
1937,512,410
1938,64,110
1939,256,406
1940,512,528
1941,256,321
1942,512,568
1943,256,239
1944,256,263
1945,512,628
1946,512,503
1947,256,353
1948,256,352
1949,256,234
1950,512,527
1951,1024,611
1952,512,438
1953,512,560
1954,512,495
1955,256,255
1956,512,490
1957,128,199
1958,512,376
1959,1024,816
1960,512,458
1961,512,461
1962,512,519
1963,512,382
1964,512,380
1965,512,533
1966,512,598
1967,512,378
1968,512,498
1969,512,464
1970,256,283
1971,256,324
1972,256,353
1973,256,320
1974,512,498
1975,256,282
1976,1024,645
1977,256,271
1978,512,461
1979,512,497
1980,512,477
1981,512,519
1982,512,455
1983,512,612
1984,512,431
1985,256,235
1986,512,448
1987,512,457
1988,256,318
1989,256,310
1990,1024,695
1991,256,417
1992,512,551
1993,256,241
1994,512,452
1995,64,70
1996,256,323
1997,512,449
1998,512,428
1999,128,115
2000,512,407
2001,512,596
2002,256,267
2003,512,422
2004,512,429
2005,256,291
2006,256,263
2007,64,103
2008,512,356
2009,512,449
2010,512,574
2011,256,318
2012,128,219
2013,128,197
2014,512,495
2015,256,258
2016,256,307
2017,512,523
2018,512,598
2019,512,578
2020,256,304
2021,512,492
2022,512,471
2023,256,275
2024,512,561
2025,256,276
2026,256,291
2027,128,152
2028,512,453
2029,256,325
2030,1024,872
2031,256,196
2032,256,278
2033,512,576
2034,256,243
2035,512,349
2036,1024,728
2037,1024,877
2038,128,182
2039,256,230
2040,256,363
2041,512,467
2042,512,396
2043,256,286
2044,512,576
2045,512,357
2046,128,202
2047,512,394
2048,128,189
2049,512,556
2050,256,298
2051,512,460
2052,1024,652
2053,256,281
2054,512,478
2055,256,227
2056,512,426
2057,512,537
2058,512,552
2059,512,416
2060,512,436
2061,256,263
2062,512,526
2063,256,225
2064,512,352
2065,128,167
2066,128,132
2067,512,616
2068,128,213
2069,256,265
2070,256,287
2071,256,280
2072,256,302
2073,1024,640
2074,256,238
2075,512,535
2076,512,348
2077,512,559
2078,256,259
2079,512,406
2080,256,392
2081,512,597
2082,256,363
2083,128,151
2084,512,412
2085,256,322
2086,512,673
2087,128,229
2088,64,80
2089,256,291
2090,128,139
2091,256,278
2092,512,574
2093,512,568
2094,128,131
2095,512,567
2096,512,530
2097,256,329
2098,512,554
2099,512,482
2100,512,492
2101,512,344
2102,512,400
2103,512,480
2104,128,145
2105,256,324
2106,512,497
2107,512,509
2108,512,537
2109,512,552
2110,256,400
2111,128,198
2112,256,256
2113,512,559
2114,256,341
2115,256,274
2116,128,186
2117,128,179
2118,256,230
2119,256,247
2120,256,261
2121,512,412
2122,512,451
2123,128,172
2124,128,213
2125,256,330
2126,128,179
2127,256,250
2128,1024,829
2129,1024,896
2130,256,292
2131,512,590
2132,32,61
2133,64,142
2134,512,602
2135,128,228
2136,256,342
2137,256,271
2138,64,107
2139,512,554
2140,256,266
2141,512,504
2142,512,440
2143,256,358
2144,512,574
2145,256,269
2146,512,566
2147,256,298
2148,512,470
2149,512,436
2150,512,503
2151,512,395
2152,512,383
2153,512,439
2154,1024,718
2155,512,585
2156,256,331
2157,256,381
2158,128,177
2159,512,536
2160,256,317
2161,256,325
2162,256,286
2163,512,515
2164,256,317
2165,256,289
2166,256,301
2167,512,414
2168,256,282
2169,512,501
2170,512,374
2171,512,411
2172,256,280
2173,512,557
2174,128,202
2175,256,249
2176,64,94
2177,512,447
2178,512,533
2179,1024,728
2180,1024,724
2181,256,339
2182,128,136
2183,512,405
2184,512,554
2185,512,419
2186,256,282
2187,256,386
2188,64,63
2189,512,521
2190,512,499
2191,512,520
2192,256,251
2193,512,558
2194,256,369
2195,256,256
2196,256,366
2197,128,172
2198,512,496
2199,512,587
2200,256,325
2201,512,485
2202,512,505
2203,1024,836
2204,128,172
2205,512,565
2206,512,544
2207,256,298
2208,256,383
2209,256,270
2210,256,251
2211,512,589
2212,1024,753
2213,1024,827
2214,512,461
2215,256,323
2216,256,269
2217,256,216
2218,128,177
2219,512,554
2220,512,574
2221,512,621
2222,256,304
2223,512,503
2224,512,386
2225,512,397
2226,512,539
2227,512,498
2228,128,296
2229,512,424
2230,512,487
2231,128,151
2232,256,216
2233,256,286
2234,256,194
2235,256,242
2236,512,572
2237,256,383
2238,512,541
2239,256,312
2240,512,522
2241,512,374
2242,256,295
2243,256,394
2244,512,570
2245,512,336
2246,256,271
2247,512,682
2248,256,339
2249,512,627
2250,512,529
2251,512,430
2252,512,457
2253,512,480
2254,256,301
2255,512,593
2256,512,412
2257,256,272
2258,512,541
2259,256,312
2260,256,232
2261,512,591
2262,512,523
2263,256,304
2264,256,232
2265,512,368
2266,512,458
2267,1024,606
2268,256,262
2269,512,426
2270,512,436
2271,512,437
2272,512,533
2273,512,518
2274,512,500
2275,512,531
2276,512,435
2277,1024,877
2278,256,351
2279,128,207
2280,512,603
2281,256,300
2282,128,188
2283,512,627
2284,512,426
2285,512,439
2286,256,340
2287,512,570
2288,512,372
2289,256,363
2290,256,316
2291,512,549
2292,512,435
2293,512,575
2294,512,430
2295,256,273
2296,512,620
2297,512,596
2298,1024,725
2299,512,430
2300,512,451
2301,512,540
2302,128,208
2303,512,410
2304,512,441
2305,512,390
2306,512,392
2307,512,403
2308,512,528
2309,256,334
2310,512,545
2311,256,353
2312,512,539
2313,128,196
2314,512,415
2315,1024,709
2316,512,537
2317,512,635
2318,256,227
2319,256,375
2320,256,351
2321,512,445
2322,512,643
2323,512,743
2324,512,388
2325,256,321
2326,512,550
2327,512,679
2328,512,431
2329,256,320
2330,512,508
2331,512,447
2332,256,397
2333,256,295
2334,512,431
2335,256,245
2336,256,300
2337,512,546
2338,512,402
2339,128,186
2340,512,533
2341,1024,916
2342,512,558
2343,512,661
2344,1024,783
2345,512,505
2346,256,295
2347,128,185
2348,256,356
2349,256,265
2350,512,531
2351,128,149
2352,512,529
2353,256,407
2354,256,293
2355,128,163
2356,128,203
2357,256,293
2358,256,237
2359,512,543
2360,128,184
2361,256,311
2362,128,176
2363,512,426
2364,256,228
2365,256,323
2366,256,362
2367,512,515
2368,256,406
2369,256,234
2370,512,669
2371,128,143
2372,512,512
2373,512,510
2374,128,160
2375,512,543
2376,256,243
2377,512,362
2378,128,153
2379,512,513
2380,256,242
2381,512,382
2382,512,638
2383,512,631
2384,256,274
2385,512,409
2386,512,536
2387,256,310
2388,512,568
2389,256,334
2390,256,283
2391,256,277
2392,256,225
2393,256,265
2394,512,419
2395,256,269
2396,128,172
2397,256,291
2398,512,408
2399,256,253
2400,256,237
2401,256,275
2402,512,299
2403,512,483
2404,256,281
2405,128,177
2406,512,495
2407,512,507
2408,256,268
2409,256,286
2410,256,246
2411,256,277
2412,256,257
2413,512,497
2414,256,303
2415,256,257
2416,128,197
2417,256,292
2418,256,239
2419,256,292
2420,64,141
2421,128,140
2422,256,266
2423,256,327
2424,256,277
2425,512,534
2426,256,337
2427,512,503
2428,256,211
2429,256,339
2430,256,215
2431,128,145
2432,128,269
2433,512,409
2434,64,94
2435,128,155
2436,256,318
2437,512,390
2438,256,310
2439,512,396
2440,128,180
2441,256,342
2442,64,116
2443,512,405
2444,128,231
2445,256,318
2446,128,224
2447,512,337
2448,256,224
2449,256,374
2450,512,558
2451,128,248
2452,256,276
2453,128,142
2454,128,182
2455,512,377
2456,64,92
2457,256,281
2458,256,381
2459,256,316
2460,256,383
2461,256,269
2462,64,142
2463,64,138
2464,256,339
2465,512,506
2466,256,371
2467,256,226
2468,256,309
2469,256,246
2470,256,194
2471,256,370
2472,128,238
2473,512,427
2474,128,132
2475,256,280
2476,128,219
2477,512,491
2478,256,315
2479,256,424
2480,256,339
2481,256,236
2482,256,249
2483,256,202
2484,256,286
2485,512,364
2486,256,270
2487,512,472
2488,128,170
2489,256,330
2490,128,251
2491,128,180
2492,256,301
2493,256,270
2494,1024,592
2495,256,329
2496,256,209
2497,256,258
2498,512,532
2499,256,209
2500,128,127
2501,128,145
2502,1024,837
2503,128,236
2504,128,192
2505,512,417
2506,512,385
2507,512,427
2508,256,344
2509,128,170
2510,128,254
2511,128,222
2512,512,373
2513,128,173
2514,1024,867
2515,256,243
2516,512,378
2517,128,168
2518,256,281
2519,256,227
2520,256,156
2521,128,154
2522,128,189
2523,128,163
2524,256,330
2525,256,298
2526,256,349
2527,512,503
2528,128,165
2529,256,343
2530,256,281
2531,512,515
2532,128,195
2533,256,276
2534,64,130
2535,512,406
2536,256,252
2537,256,467
2538,256,266
2539,512,565
2540,256,378
2541,512,475
2542,64,87
2543,256,263
2544,64,117
2545,512,469
2546,256,299
2547,512,386
2548,256,235
2549,256,248
2550,128,224
2551,64,151
2552,512,348
2553,64,96
2554,256,206
2555,128,134
2556,256,309
2557,128,163
2558,256,192
2559,256,362
2560,128,207
2561,256,386
2562,256,225
2563,128,220
2564,256,279
2565,512,466
2566,64,99
2567,256,223
2568,256,272
2569,128,164
2570,128,150
2571,256,280
2572,256,256
2573,256,181
2574,128,272
2575,128,180
2576,256,297
2577,256,307
2578,512,619
2579,64,107
2580,128,160
2581,512,380
2582,512,513
2583,128,167
2584,256,225
2585,128,207
2586,512,548
2587,64,91
2588,64,88
2589,256,228
2590,128,134
2591,256,282
2592,256,267
2593,256,232
2594,512,394
2595,128,177
2596,256,356
2597,256,277
2598,512,448
2599,128,136
2600,512,318
2601,128,134
2602,128,285
2603,128,130
2604,256,239
2605,128,180
2606,256,299
2607,128,185
2608,128,228
2609,512,536
2610,256,307
2611,512,637
2612,512,424
2613,512,569
2614,128,146
2615,64,118
2616,512,435
2617,64,121
2618,256,256
2619,128,271
2620,128,151
2621,128,155
2622,64,130
2623,256,256
2624,256,281
2625,64,98
2626,256,360
2627,256,221
2628,128,151
2629,64,108
2630,512,549
2631,512,396
2632,256,291
2633,512,436
2634,128,148
2635,256,196
2636,64,103
2637,256,206
2638,64,132
2639,256,256
2640,128,128
2641,128,127
2642,128,181
2643,256,277
2644,64,109
2645,64,120
2646,512,414
2647,128,180
2648,64,86
2649,64,124
2650,512,542
2651,256,254
2652,256,327
2653,64,96
2654,128,125
2655,256,341
2656,512,441
2657,128,197
2658,128,176
2659,128,132
2660,128,182
2661,256,331
2662,256,253
2663,256,180
2664,128,153
2665,128,171
2666,512,521
2667,256,356
2668,256,272
2669,128,164
2670,128,183
2671,128,165
2672,128,218
2673,256,333
2674,256,250
2675,128,183
2676,64,119
2677,64,108
2678,32,64
2679,256,266
2680,128,163
2681,256,289
2682,256,243
2683,256,248
2684,128,181
2685,256,327
2686,128,213
2687,64,123
2688,256,250
2689,128,212
2690,128,132
2691,256,262
2692,256,322
2693,64,107
2694,128,151
2695,512,367
2696,128,216
2697,128,243
2698,64,121
2699,128,135
2700,128,220
2701,128,162
2702,128,175
2703,256,374
2704,64,114
2705,128,211
2706,64,82
2707,256,329
2708,512,484
2709,128,203
2710,64,182
2711,256,223
2712,128,211
2713,64,164
2714,256,248
2715,32,66
2716,128,134
2717,512,554
2718,256,319
2719,128,128
2720,256,374
2721,256,252
2722,128,165
2723,512,394
2724,256,310
2725,256,323
2726,256,258
2727,512,402
2728,512,417
2729,256,253
2730,256,217
2731,512,441
2732,256,190
2733,128,194
2734,256,246
2735,32,100
2736,64,174
2737,512,496
2738,32,72
2739,512,518
2740,256,404
2741,256,304
2742,128,180
2743,128,172
2744,128,141
2745,128,146
2746,256,281
2747,256,228
2748,256,321
2749,128,163
2750,128,171
2751,256,195
2752,512,467
2753,64,92
2754,512,499
2755,512,368
2756,256,248
2757,256,284
2758,128,168
2759,256,330
2760,128,132
2761,256,274
2762,256,243
2763,64,79
2764,128,146
2765,256,294
2766,256,271
2767,256,276
2768,256,365
2769,256,220
2770,512,395
2771,256,206
2772,256,269
2773,256,408
2774,256,479
2775,256,284
2776,128,198
2777,256,199
2778,256,297
2779,256,252
2780,256,228
2781,512,347
2782,512,451
2783,256,414
2784,512,392
2785,512,363
2786,512,373
2787,512,679
2788,256,337
2789,256,309
2790,128,209
2791,512,421
2792,256,343
2793,512,360
2794,256,334
2795,128,200
2796,256,323
2797,256,372
2798,256,222
2799,128,177
2800,128,183
2801,256,329
2802,256,273
2803,256,326
2804,512,706
2805,512,492
2806,256,228
2807,256,218
2808,256,210
2809,128,163
2810,256,251
2811,256,344
2812,256,253
2813,128,200
2814,512,374
2815,128,234
2816,1024,633
2817,512,558
2818,128,174
2819,256,289
2820,256,311
2821,512,545
2822,64,144
2823,256,293
2824,512,489
2825,256,256
2826,128,140
2827,512,544
2828,512,407
2829,256,324
2830,256,309
2831,128,154
2832,512,462
2833,128,174
2834,512,700
2835,512,542
2836,512,423
2837,256,301
2838,256,284
2839,256,324
2840,128,186
2841,512,527
2842,256,240
2843,256,326
2844,256,239
2845,256,341
2846,128,183
2847,512,504
2848,256,278
2849,512,393
2850,512,587
2851,256,217
2852,256,315
2853,128,240
2854,512,535
2855,256,347
2856,256,340
2857,256,320
2858,128,171
2859,512,427
2860,256,354
2861,256,260
2862,256,345
2863,256,225
2864,512,556
2865,256,285
2866,512,423
2867,256,323
2868,256,312
2869,256,289
2870,256,374
2871,256,270
2872,512,679
2873,512,479
2874,256,290
2875,256,279
2876,512,520
2877,512,456
2878,512,362
2879,256,248
2880,128,176
2881,256,281
2882,512,380
2883,256,295
2884,512,594
2885,256,291
2886,256,381
2887,512,308
2888,512,494
2889,128,236
2890,512,581
2891,128,194
2892,512,624
2893,256,286
2894,256,286
2895,512,463
2896,256,259
2897,256,334
2898,256,293
2899,256,325
2900,512,531
2901,512,421
2902,512,511
2903,512,414
2904,256,327
2905,256,309
2906,256,209
2907,512,492
2908,512,524
2909,256,249
2910,512,506
2911,256,289
2912,256,383
2913,512,476
2914,1024,812
2915,256,219
2916,256,284
2917,128,206
2918,512,427
2919,512,556
2920,1024,688
2921,512,397
2922,256,309
2923,512,629
2924,128,195
2925,512,552
2926,512,497
2927,512,504
2928,256,260
2929,256,257
2930,1024,815
2931,512,480
2932,128,167
2933,512,445
2934,512,518
2935,512,581
2936,128,165
2937,512,336
2938,512,457
2939,256,350
2940,256,317
2941,1024,994
2942,256,216
2943,256,329
2944,1024,674
2945,512,554
2946,512,698
2947,512,550
2948,256,346
2949,512,540
2950,512,615
2951,256,290
2952,256,239
2953,256,360
2954,512,574
2955,512,490
2956,512,434
2957,512,385
2958,128,251
2959,512,542
2960,512,467
2961,1024,585
2962,256,293
2963,512,547
2964,512,569
2965,1024,748
2966,512,525
2967,512,532
2968,256,298
2969,512,622
2970,512,374
2971,256,288
2972,512,599
2973,512,379
2974,512,613
2975,512,545
2976,256,295
2977,256,380
2978,512,676
2979,512,568
2980,512,550
2981,128,186
2982,512,548
2983,256,307
2984,512,682
2985,512,582
2986,512,577
2987,512,407
2988,512,482
2989,512,582
2990,512,547
2991,512,870
2992,512,621
2993,256,309
2994,256,331
2995,512,466
2996,512,586
2997,256,381
2998,512,575
2999,512,532
3000,256,313
3001,512,604
3002,1024,920
3003,512,541
3004,1024,550
3005,1024,662
3006,256,261
3007,512,407
3008,1024,882
3009,512,358
3010,1024,1037
3011,512,341
3012,512,597
3013,256,280
3014,512,331
3015,256,284
3016,512,542
3017,512,469
3018,512,459
3019,256,274
3020,512,547
3021,256,470
3022,512,552
3023,256,393
3024,512,466
3025,512,669
3026,256,341
3027,512,403
3028,64,97
3029,1024,781
3030,128,151
3031,256,263
3032,512,467
3033,512,360
3034,512,460
3035,512,625
3036,128,181
3037,256,302
3038,256,307
3039,512,504
3040,512,409
3041,256,225
3042,128,154
3043,512,573
3044,128,224
3045,512,417
3046,256,260
3047,512,338
3048,256,262
3049,512,535
3050,128,241
3051,256,286
3052,512,457
3053,256,287
3054,256,264
3055,128,217
3056,512,446
3057,256,307
3058,256,336
3059,512,348
3060,512,551
3061,512,663
3062,256,329
3063,256,309
3064,256,311
3065,256,284
3066,128,207
3067,128,227
3068,512,625
3069,512,455
3070,512,469
3071,512,481
3072,512,657
3073,128,184
3074,512,409
3075,256,200
3076,256,381
3077,256,326
3078,512,466
3079,128,205
3080,256,331
3081,512,465
3082,512,519
3083,512,313
3084,1024,748
3085,256,359
3086,512,420
3087,512,343
3088,256,295
3089,256,386
3090,1024,741
3091,256,333
3092,256,324
3093,512,498
3094,512,468
3095,512,394
3096,256,247
3097,256,262
3098,512,374
3099,256,376
3100,256,265
3101,128,155
3102,256,284
3103,512,630
3104,512,456
3105,128,157
3106,256,274
3107,256,272
3108,512,419
3109,512,427
3110,512,414
3111,256,261
3112,512,557
3113,512,360
3114,256,295
3115,512,514
3116,512,496
3117,256,291
3118,512,336
3119,512,446
3120,256,335
3121,512,459
3122,512,575
3123,512,437
3124,128,228
3125,256,304
3126,512,340
3127,512,412
3128,1024,980
3129,256,314
3130,512,472
3131,256,356
3132,512,462
3133,512,754
3134,1024,673
3135,1024,727
3136,128,217
3137,512,474
3138,512,558
3139,128,228
3140,512,476
3141,128,152
3142,256,305
3143,128,202
3144,512,489
3145,256,369
3146,512,376
3147,512,491
3148,256,281
3149,256,248
3150,512,489
3151,1024,732
3152,256,261
3153,256,368
3154,256,350
3155,512,373
3156,512,437
3157,512,371
3158,1024,720
3159,128,247
3160,256,290
3161,512,410
3162,256,327
3163,512,585
3164,512,410
3165,512,504
3166,256,273
3167,256,264
3168,512,504
3169,512,583
3170,256,321
3171,512,459
3172,512,538
3173,512,581
3174,128,169
3175,256,263
3176,256,290
3177,1024,909
3178,128,163
3179,128,112
3180,1024,677
3181,64,137
3182,128,136
3183,256,305
3184,128,200
3185,512,522
3186,1024,818
3187,256,281
3188,256,377
3189,128,193
3190,512,399
3191,128,177
3192,256,292
3193,1024,827
3194,256,283
3195,256,209
3196,256,388
3197,128,167
3198,256,355
3199,512,400
3200,512,652
3201,512,542
3202,512,415
3203,256,333
3204,512,483
3205,512,598
3206,512,543
3207,256,258
3208,512,520
3209,256,297
3210,512,355
3211,256,259
3212,256,408
3213,512,389
3214,512,551
3215,512,473
3216,256,277
3217,512,392
3218,512,521
3219,128,174
3220,512,620
3221,512,543
3222,256,316
3223,256,256
3224,512,546
3225,512,559
3226,256,227
3227,64,126
3228,256,380
3229,512,386
3230,256,260
3231,512,456
3232,512,471
3233,512,398
3234,128,161
3235,512,544
3236,512,432
3237,256,283
3238,256,247
3239,256,320
3240,512,421
3241,1024,713
3242,1024,594
3243,256,335
3244,512,367
3245,128,149
3246,64,101
3247,512,535
3248,256,345
3249,512,420
3250,128,184
3251,128,259
3252,256,272
3253,512,622
3254,512,442
3255,256,304
3256,1024,715
3257,2048,1189
3258,512,533
3259,256,362
3260,256,343
3261,128,163
3262,512,556
3263,512,593
3264,512,597
3265,512,510
3266,512,457
3267,1024,757
3268,512,523
3269,128,217
3270,1024,603
3271,512,574
3272,512,444
3273,512,552
3274,1024,708
3275,256,258
3276,512,516
3277,512,521
3278,512,430
3279,512,532
3280,256,265
3281,256,230
3282,512,497
3283,512,491
3284,512,611
3285,256,248
3286,512,603
3287,1024,725
3288,256,321
3289,512,378
3290,256,235
3291,256,418
3292,512,517
3293,256,247
3294,512,516
3295,512,555
3296,128,191
3297,512,539
3298,256,306
3299,512,422
3300,512,432
3301,512,466
3302,256,282
3303,128,150
3304,256,297
3305,256,270
3306,256,235
3307,512,533
3308,256,291
3309,512,479
3310,512,523
3311,512,610
3312,512,389
3313,512,604
3314,256,296
3315,256,319
3316,256,224
3317,512,630
3318,512,374
3319,512,454
3320,256,319
3321,512,574
3322,256,235
3323,128,267
3324,256,278
3325,512,480
3326,256,256
3327,512,510
3328,512,336
3329,256,302
3330,512,496
3331,256,347
3332,1024,759
3333,512,497
3334,512,565
3335,512,419
3336,512,325
3337,128,174
3338,512,380
3339,256,276
3340,512,555
3341,256,413
3342,128,151
3343,512,512
3344,256,262
3345,512,425
3346,256,294
3347,256,492
3348,128,175
3349,1024,671
3350,128,184
3351,512,571
3352,256,413
3353,512,403
3354,512,328
3355,512,528
3356,1024,692
3357,512,599
3358,512,492
3359,256,258
3360,256,290
3361,256,255
3362,512,378
3363,512,544
3364,256,239
3365,256,287
3366,128,250
3367,128,240
3368,512,431
3369,512,453
3370,512,396
3371,256,303
3372,512,600
3373,512,568
3374,256,341
3375,256,250
3376,128,169
3377,256,358
3378,512,418
3379,64,137
3380,128,146
3381,512,572
3382,512,602
3383,512,493
3384,256,298
3385,256,221
3386,128,138
3387,128,186
3388,512,442
3389,128,202
3390,128,148
3391,256,245
3392,1024,678
3393,512,481
3394,128,154
3395,512,433
3396,1024,1057
3397,512,470
3398,512,461
3399,256,296
3400,512,507
3401,256,244
3402,256,223
3403,128,210
3404,256,380
3405,256,363
3406,512,694
3407,256,366
3408,256,238
3409,256,297
3410,256,345
3411,256,318
3412,256,240
3413,128,145
3414,256,278
3415,256,366
3416,256,253
3417,512,450
3418,512,350
3419,128,162
3420,256,395
3421,512,442
3422,256,413
3423,64,143
3424,128,194
3425,128,213
3426,256,323
3427,1024,869
3428,256,185
3429,256,268
3430,512,547
3431,128,177
3432,256,319
3433,512,561
3434,64,123
3435,128,244
3436,256,272
3437,256,275
3438,1024,657
3439,256,216
3440,256,230
3441,512,368
3442,64,166
3443,128,231
3444,256,317
3445,128,173
3446,256,299
3447,256,240
3448,256,394
3449,256,179
3450,128,131
3451,128,177
3452,256,223
3453,64,129
3454,512,406
3455,256,322
3456,512,336
3457,256,303
3458,64,87
3459,256,320
3460,256,251
3461,512,377
3462,128,162
3463,256,373
3464,128,183
3465,512,365
3466,256,320
3467,512,477
3468,128,201
3469,512,452
3470,64,86
3471,512,530
3472,256,219
3473,128,153
3474,512,441
3475,128,131
3476,512,346
3477,128,222
3478,512,530
3479,512,465
3480,128,215
3481,256,243
3482,512,526
3483,512,459
3484,128,169
3485,512,397
3486,256,310
3487,128,178
3488,128,238
3489,128,193
3490,128,238
3491,256,369
3492,256,322
3493,256,360
3494,64,118
3495,256,216
3496,128,265
3497,512,457
3498,256,244
3499,256,259
3500,256,339
3501,256,333
3502,256,284
3503,32,46
3504,256,268
3505,256,236
3506,512,559
3507,256,220
3508,1024,720
3509,128,154
3510,128,217
3511,512,378
3512,256,332
3513,256,291
3514,256,267
3515,256,264
3516,256,244
3517,256,211
3518,128,209
3519,256,292
3520,256,328
3521,128,168
3522,512,353
3523,512,367
3524,128,191
3525,256,294
3526,128,209
3527,256,246
3528,256,228
3529,128,161
3530,256,226
3531,64,98
3532,256,350
3533,256,294
3534,512,402
3535,256,265
3536,128,192
3537,32,59
3538,512,504
3539,128,146
3540,512,316
3541,256,267
3542,64,88
3543,256,256
3544,64,86
3545,128,176
3546,128,207
3547,64,93
3548,128,201
3549,64,123
3550,512,355
3551,128,189
3552,64,116
3553,128,219
3554,512,622
3555,256,328
3556,128,233
3557,256,313
3558,128,196
3559,256,236
3560,256,283
3561,64,102
3562,256,290
3563,128,183
3564,64,143
3565,128,150
3566,512,358
3567,256,357
3568,256,263
3569,256,306
3570,512,366
3571,512,430
3572,64,130
3573,128,159
3574,32,78
3575,128,221
3576,128,259
3577,128,166
3578,512,438
3579,128,182
3580,256,282
3581,128,204
3582,128,190
3583,256,211
3584,512,496
3585,256,261
3586,256,275
3587,128,199
3588,128,140
3589,512,397
3590,256,304
3591,128,165
3592,256,240
3593,128,194
3594,256,263
3595,128,265
3596,256,232
3597,64,123
3598,32,79
3599,128,256
3600,64,95
3601,64,99
3602,512,424
3603,256,315
3604,256,327
3605,128,214
3606,128,188
3607,128,163
3608,128,230
3609,512,629
3610,256,214
3611,128,237
3612,512,507
3613,256,222
3614,512,372
3615,128,163
3616,128,175
3617,64,114
3618,512,363
3619,512,538
3620,256,317
3621,128,158
3622,128,208
3623,256,264
3624,64,106
3625,256,263
3626,128,148
3627,64,131
3628,128,193
3629,256,225
3630,32,87
3631,256,311
3632,256,283
3633,256,273
3634,128,148
3635,128,110
3636,128,197
3637,512,342
3638,256,365
3639,128,161
3640,256,268
3641,64,82
3642,256,332
3643,128,211
3644,512,392
3645,512,393
3646,512,403
3647,128,215
3648,256,305
3649,256,290
3650,128,146
3651,512,462
3652,64,119
3653,256,262
3654,256,171
3655,256,256
3656,256,298
3657,256,290
3658,64,164
3659,512,350
3660,128,216
3661,256,314
3662,256,329
3663,128,205
3664,64,97
3665,256,228
3666,512,593
3667,512,287
3668,256,290
3669,64,105
3670,128,202
3671,256,265
3672,256,273
3673,256,210
3674,512,432
3675,512,519
3676,64,100
3677,128,128
3678,256,309
3679,256,335
3680,128,188
3681,512,411
3682,256,341
3683,128,152
3684,512,388
3685,128,219
3686,256,278
3687,128,147
3688,256,280
3689,256,197
3690,512,431
3691,128,178
3692,256,274
3693,128,207
3694,32,64
3695,512,493
3696,256,265
3697,128,174
3698,256,261
3699,512,495
3700,256,264
3701,256,275
3702,512,374
3703,128,187
3704,256,327
3705,128,210
3706,128,230
3707,128,159
3708,128,190
3709,256,335
3710,128,151
3711,256,311
3712,256,274
3713,32,60
3714,128,194
3715,256,291
3716,64,125
3717,256,340
3718,256,268
3719,256,237
3720,256,190
3721,1024,784
3722,128,142
3723,256,325
3724,128,179
3725,512,404
3726,256,299
3727,256,328
3728,256,232
3729,256,326
3730,256,233
3731,256,411
3732,256,251
3733,128,158
3734,256,382
3735,256,302
3736,256,308
3737,512,368
3738,256,220
3739,256,289
3740,256,191
3741,256,253
3742,256,250
3743,256,316
3744,128,189
3745,256,364
3746,256,303
3747,256,274
3748,256,314
3749,512,448
3750,256,344
3751,64,122
3752,128,175
3753,256,242
3754,256,349
3755,128,195
3756,512,395
3757,128,134
3758,256,244
3759,256,338
3760,128,156
3761,256,285
3762,512,550
3763,512,424
3764,512,491
3765,128,168
3766,256,237
3767,256,231
3768,512,426
3769,512,553
3770,256,226
3771,128,267
3772,512,579
3773,256,253
3774,256,232
3775,256,294
3776,256,389
3777,128,152
3778,128,152
3779,256,305
3780,64,108
3781,256,344
3782,256,189
3783,512,372
3784,512,469
3785,512,427
3786,256,210
3787,512,460
3788,512,506
3789,256,261
3790,128,213
3791,128,198
3792,512,401
3793,256,270
3794,128,264
3795,256,198
3796,256,345
3797,512,421
3798,256,327
3799,128,231
3800,512,338
3801,128,136
3802,256,338
3803,512,507
3804,512,475
3805,128,160
3806,512,446
3807,512,445
3808,128,163
3809,256,269
3810,256,338
3811,256,315
3812,256,234
3813,256,236
3814,128,205
3815,512,590
3816,256,240
3817,512,525
3818,256,338
3819,64,99
3820,256,312
3821,512,463
3822,256,282
3823,256,311
3824,512,456
3825,512,529
3826,512,388
3827,64,98
3828,128,249
3829,128,274
3830,256,430
3831,128,219
3832,256,355
3833,256,217
3834,256,261
3835,128,173
3836,1024,698
3837,128,185
3838,256,301
3839,512,477
3840,512,553
3841,128,226
3842,256,306
3843,128,182
3844,64,126
3845,256,263
3846,256,334
3847,256,294
3848,128,130
3849,128,115
3850,128,189
3851,256,317
3852,512,582
3853,256,279
3854,128,206
3855,256,248
3856,512,494
3857,512,476
3858,64,118
3859,128,190
3860,256,345
3861,256,282
3862,256,393
3863,512,462
3864,256,273
3865,256,254
3866,512,561
3867,256,340
3868,512,341
3869,512,498
3870,256,324
3871,512,564
3872,256,234
3873,512,592
3874,512,379
3875,512,538
3876,128,156
3877,256,272
3878,256,283
3879,512,521
3880,256,296
3881,128,277
3882,512,511
3883,128,135
3884,128,136
3885,512,364
3886,128,254
3887,1024,1001
3888,512,467
3889,512,461
3890,512,508
3891,64,171
3892,512,431
3893,512,523
3894,256,227
3895,512,462
3896,512,489
3897,128,265
3898,128,196
3899,128,165
3900,512,494
3901,256,237
3902,256,253
3903,128,146
3904,512,379
3905,256,338
3906,512,439
3907,128,158
3908,64,88
3909,512,503
3910,256,346
3911,512,545
3912,256,280
3913,256,283
3914,128,227
3915,512,400
3916,128,166
3917,64,81
3918,256,303
3919,256,353
3920,256,308
3921,256,273
3922,256,368
3923,512,518
3924,128,163
3925,256,198
3926,512,496
3927,256,347
3928,512,536
3929,512,435
3930,512,527
3931,512,425
3932,256,293
3933,512,580
3934,512,416
3935,128,252
3936,512,621
3937,512,489
3938,256,246
3939,256,329
3940,512,470
3941,512,391
3942,512,486
3943,512,358
3944,128,173
3945,256,380
3946,512,495
3947,256,387
3948,512,386
3949,512,500
3950,512,531
3951,512,370
3952,512,491
3953,128,175
3954,512,513
3955,128,146
3956,1024,792
3957,256,304
3958,256,271
3959,256,358
3960,512,478
3961,256,254
3962,256,331
3963,128,212
3964,1024,741
3965,512,448
3966,512,437
3967,512,427
3968,256,212
3969,512,369
3970,1024,682
3971,256,363
3972,64,108
3973,256,309
3974,128,184
3975,256,352
3976,256,289
3977,128,243
3978,256,224
3979,1024,696
3980,512,401
3981,256,325
3982,512,559
3983,512,401
3984,256,255
3985,256,309
3986,512,527
3987,128,234
3988,512,613
3989,512,519
3990,256,313
3991,512,363
3992,512,580
3993,512,428
3994,512,422
3995,512,607
3996,256,370
3997,128,210
3998,512,386
3999,512,597
